{"stats":{"minecraft:used":{"minecraft:cooked_mutton":1,"minecraft:wooden_axe":25,"minecraft:stone_pickaxe":1,"minecraft:wooden_pickaxe":18,"minecraft:spruce_sapling":7,"minecraft:rotten_flesh":1,"minecraft:stone_axe":9,"minecraft:wooden_sword":11,"minecraft:dirt":5,"minecraft:crafting_table":3,"minecraft:furnace":2},"minecraft:custom":{"minecraft:time_since_rest":19830,"minecraft:interact_with_furnace":4,"minecraft:sprint_one_cm":30498,"minecraft:damage_taken":210,"minecraft:walk_one_cm":27446,"minecraft:mob_kills":3,"minecraft:drop":19,"minecraft:damage_dealt":360,"minecraft:interact_with_crafting_table":8,"minecraft:swim_one_cm":16621,"minecraft:fly_one_cm":33849,"minecraft:crouch_one_cm":224,"minecraft:play_time":19830,"minecraft:sneak_time":370,"minecraft:walk_under_water_one_cm":2159,"minecraft:jump":203,"minecraft:walk_on_water_one_cm":16783,"minecraft:time_since_death":19830,"minecraft:total_world_time":19830,"minecraft:fall_one_cm":805},"minecraft:crafted":{"minecraft:wooden_sword":1,"minecraft:crafting_table":2,"minecraft:spruce_planks":24,"minecraft:stick":16,"minecraft:wooden_pickaxe":1,"minecraft:stone_pickaxe":1,"minecraft:wooden_axe":1,"minecraft:furnace":1,"minecraft:stone_axe":1,"minecraft:cooked_mutton":2},"minecraft:killed":{"minecraft:sheep":2,"minecraft:zombie":1},"minecraft:dropped":{"minecraft:glass_bottle":2,"minecraft:crafting_table":1,"minecraft:obsidian":2,"minecraft:fire_charge":1,"minecraft:stone_pickaxe":1,"minecraft:wooden_pickaxe":1,"minecraft:sugar":2,"minecraft:cooked_mutton":1,"minecraft:golden_shovel":1,"minecraft:spruce_door":3,"minecraft:black_wool":2,"minecraft:spruce_sapling":2,"minecraft:coal":2,"minecraft:golden_apple":1,"minecraft:gold_ingot":7,"minecraft:redstone":6,"minecraft:flint":1},"minecraft:picked_up":{"minecraft:stick":14,"minecraft:crafting_table":3,"minecraft:wooden_pickaxe":1,"minecraft:fire_charge":1,"minecraft:golden_shovel":1,"minecraft:flint":1,"minecraft:spruce_sapling":9,"minecraft:spruce_log":29,"minecraft:redstone":6,"minecraft:spruce_door":3,"minecraft:dirt":5,"minecraft:cooked_mutton":1,"minecraft:sugar":2,"minecraft:rotten_flesh":1,"minecraft:spruce_planks":11,"minecraft:stone_pickaxe":1,"minecraft:golden_apple":1,"minecraft:gold_ingot":7,"minecraft:furnace":1,"minecraft:glass_bottle":2,"minecraft:black_wool":2,"minecraft:mutton":2,"minecraft:obsidian":2,"minecraft:coal":2,"minecraft:cobblestone":17},"minecraft:mined":{"minecraft:furnace":1,"minecraft:spruce_log":29,"minecraft:crafting_table":2,"minecraft:grass_block":2,"minecraft:coal_ore":2,"minecraft:dirt":2,"minecraft:spruce_leaves":8,"minecraft:stone":16,"minecraft:fern":1}},"DataVersion":3953}