{"stats":{"minecraft:used":{"minecraft:wooden_axe":1,"minecraft:crafting_table":1},"minecraft:custom":{"minecraft:time_since_rest":7830,"minecraft:crouch_one_cm":185,"minecraft:play_time":7830,"minecraft:sprint_one_cm":11792,"minecraft:damage_taken":110,"minecraft:walk_one_cm":12814,"minecraft:sneak_time":268,"minecraft:walk_under_water_one_cm":296,"minecraft:jump":74,"minecraft:damage_dealt":6,"minecraft:time_since_death":7830,"minecraft:walk_on_water_one_cm":8731,"minecraft:total_world_time":7830,"minecraft:swim_one_cm":3750,"minecraft:interact_with_crafting_table":2,"minecraft:fly_one_cm":19322},"minecraft:crafted":{"minecraft:wooden_sword":1,"minecraft:crafting_table":1,"minecraft:spruce_planks":24,"minecraft:stick":12,"minecraft:wooden_axe":1},"minecraft:picked_up":{"minecraft:crafting_table":1,"minecraft:spruce_log":6},"minecraft:mined":{"minecraft:spruce_leaves":1,"minecraft:spruce_log":6,"minecraft:crafting_table":1}},"DataVersion":3953}