{"stats":{"minecraft:custom":{"minecraft:interact_with_furnace":7,"minecraft:mob_kills":3,"minecraft:interact_with_crafting_table":9,"minecraft:leave_game":1,"minecraft:time_since_death":35606,"minecraft:time_since_rest":35606,"minecraft:sprint_one_cm":49756,"minecraft:damage_taken":290,"minecraft:walk_one_cm":42687,"minecraft:drop":19,"minecraft:damage_dealt":360,"minecraft:swim_one_cm":40726,"minecraft:fly_one_cm":47471,"minecraft:open_chest":1,"minecraft:crouch_one_cm":702,"minecraft:play_time":35606,"minecraft:sneak_time":815,"minecraft:walk_under_water_one_cm":7514,"minecraft:jump":329,"minecraft:walk_on_water_one_cm":21070,"minecraft:total_world_time":35606,"minecraft:fall_one_cm":3667},"minecraft:used":{"minecraft:cooked_mutton":2,"minecraft:spruce_door":4,"minecraft:stone_pickaxe":106,"minecraft:chest":1,"minecraft:spruce_planks":1,"minecraft:wooden_pickaxe":19,"minecraft:rotten_flesh":1,"minecraft:torch":5,"minecraft:dirt":5,"minecraft:crafting_table":4,"minecraft:wooden_axe":25,"minecraft:black_wool":1,"minecraft:gravel":2,"minecraft:spruce_sapling":7,"minecraft:stone_axe":15,"minecraft:wooden_sword":12,"minecraft:cobblestone":2,"minecraft:furnace":4,"minecraft:andesite":6},"minecraft:crafted":{"minecraft:wooden_sword":1,"minecraft:crafting_table":2,"minecraft:spruce_planks":48,"minecraft:wooden_pickaxe":1,"minecraft:furnace":1,"minecraft:stone_axe":1,"minecraft:cooked_mutton":2,"minecraft:stick":16,"minecraft:iron_ingot":4,"minecraft:stone_pickaxe":1,"minecraft:wooden_axe":1,"minecraft:chest":1,"minecraft:torch":4},"minecraft:killed":{"minecraft:sheep":2,"minecraft:zombie":1},"minecraft:dropped":{"minecraft:glass_bottle":2,"minecraft:crafting_table":1,"minecraft:obsidian":2,"minecraft:cooked_mutton":1,"minecraft:golden_shovel":1,"minecraft:spruce_door":3,"minecraft:coal":2,"minecraft:golden_apple":1,"minecraft:flint":1,"minecraft:fire_charge":1,"minecraft:wooden_pickaxe":1,"minecraft:stone_pickaxe":1,"minecraft:sugar":2,"minecraft:spruce_sapling":2,"minecraft:black_wool":2,"minecraft:gold_ingot":7,"minecraft:redstone":6},"minecraft:picked_up":{"minecraft:crafting_table":3,"minecraft:andesite":28,"minecraft:wooden_pickaxe":1,"minecraft:golden_shovel":1,"minecraft:flint":2,"minecraft:dirt":5,"minecraft:cooked_mutton":1,"minecraft:spruce_planks":16,"minecraft:stone_pickaxe":1,"minecraft:glass_bottle":2,"minecraft:furnace":3,"minecraft:stick":15,"minecraft:raw_iron":4,"minecraft:torch":3,"minecraft:gravel":3,"minecraft:fire_charge":1,"minecraft:spruce_sapling":9,"minecraft:spruce_log":29,"minecraft:redstone":6,"minecraft:spruce_door":7,"minecraft:rotten_flesh":1,"minecraft:sugar":2,"minecraft:golden_apple":1,"minecraft:gold_ingot":7,"minecraft:obsidian":2,"minecraft:mutton":2,"minecraft:black_wool":3,"minecraft:coal":29,"minecraft:cobblestone":60},"minecraft:mined":{"minecraft:spruce_door":4,"minecraft:crafting_table":2,"minecraft:torch":1,"minecraft:grass_block":2,"minecraft:spruce_leaves":18,"minecraft:wall_torch":1,"minecraft:furnace":3,"minecraft:iron_ore":4,"minecraft:spruce_log":29,"minecraft:andesite":28,"minecraft:coal_ore":29,"minecraft:gravel":3,"minecraft:dirt":2,"minecraft:stone":59,"minecraft:fern":1}},"DataVersion":3953}