{"stats":{"minecraft:used":{"minecraft:white_wool":1},"minecraft:killed":{"minecraft:sheep":1},"minecraft:picked_up":{"minecraft:wheat_seeds":3,"minecraft:mutton":2,"minecraft:dirt":1,"minecraft:white_wool":2},"minecraft:dropped":{"minecraft:wheat_seeds":1,"minecraft:mutton":1,"minecraft:white_wool":1},"minecraft:mined":{"minecraft:short_grass":7,"minecraft:grass_block":1,"minecraft:tall_grass":5},"minecraft:custom":{"minecraft:time_since_rest":203,"minecraft:play_time":5171,"minecraft:sprint_one_cm":5286,"minecraft:walk_one_cm":11608,"minecraft:damage_taken":1080,"minecraft:deaths":4,"minecraft:walk_under_water_one_cm":5984,"minecraft:mob_kills":1,"minecraft:drop":3,"minecraft:jump":87,"minecraft:damage_dealt":90,"minecraft:leave_game":1,"minecraft:time_since_death":170,"minecraft:walk_on_water_one_cm":2365,"minecraft:total_world_time":5171,"minecraft:swim_one_cm":13796,"minecraft:fall_one_cm":11730,"minecraft:fly_one_cm":2972}},"DataVersion":3953}