{"stats":{"minecraft:used":{"minecraft:spruce_door":10,"minecraft:spruce_slab":12,"minecraft:stone_pickaxe":70,"minecraft:cactus":1,"minecraft:spruce_planks":25,"minecraft:wooden_pickaxe":21,"minecraft:glow_ink_sac":1,"minecraft:torch":8,"minecraft:golden_apple":1,"minecraft:crafting_table":3,"minecraft:birch_sign":1,"minecraft:golden_shovel":18,"minecraft:spruce_log":59,"minecraft:dark_oak_door":2,"minecraft:wooden_axe":31,"minecraft:light":14,"minecraft:stone_axe":57,"minecraft:cobblestone":12,"minecraft:cobbled_deepslate":1},"minecraft:custom":{"minecraft:mob_kills":6,"minecraft:interact_with_crafting_table":10,"minecraft:leave_game":2,"minecraft:time_since_death":25587,"minecraft:climb_one_cm":583,"minecraft:time_since_rest":25617,"minecraft:sprint_one_cm":37056,"minecraft:damage_taken":352,"minecraft:walk_one_cm":36503,"minecraft:drop":25,"minecraft:damage_dealt":1320,"minecraft:swim_one_cm":52899,"minecraft:fly_one_cm":56124,"minecraft:open_chest":1,"minecraft:crouch_one_cm":759,"minecraft:play_time":49755,"minecraft:deaths":1,"minecraft:sneak_time":1544,"minecraft:walk_under_water_one_cm":19379,"minecraft:jump":273,"minecraft:walk_on_water_one_cm":34948,"minecraft:total_world_time":49755,"minecraft:fall_one_cm":2123},"minecraft:broken":{"minecraft:wooden_axe":1},"minecraft:crafted":{"minecraft:crafting_table":1,"minecraft:spruce_planks":156,"minecraft:wooden_pickaxe":1,"minecraft:spruce_door":3,"minecraft:stone_axe":1,"minecraft:stick":32,"minecraft:stone_pickaxe":1,"minecraft:wooden_axe":1,"minecraft:torch":24},"minecraft:killed_by":{"minecraft:zombie":1},"minecraft:killed":{"minecraft:witch":1,"minecraft:zombie":2,"minecraft:enderman":1,"minecraft:cow":2},"minecraft:dropped":{"minecraft:dark_oak_door":1,"minecraft:glow_ink_sac":1,"minecraft:spruce_door":2,"minecraft:light":15,"minecraft:spruce_planks":1,"minecraft:wooden_axe":1,"minecraft:birch_sign":1,"minecraft:spruce_slab":1,"minecraft:spruce_log":1,"minecraft:cactus":1},"minecraft:picked_up":{"minecraft:wooden_axe":1,"minecraft:crafting_table":5,"minecraft:clay_ball":108,"minecraft:leather":3,"minecraft:wooden_pickaxe":1,"minecraft:golden_shovel":1,"minecraft:flint":1,"minecraft:tuff":20,"minecraft:dirt":2,"minecraft:cobbled_deepslate":21,"minecraft:spruce_planks":1,"minecraft:beef":5,"minecraft:stone_pickaxe":1,"minecraft:glass_bottle":4,"minecraft:moss_block":2,"minecraft:stick":11,"minecraft:raw_iron":14,"minecraft:torch":3,"minecraft:fire_charge":1,"minecraft:spruce_sapling":8,"minecraft:spruce_log":40,"minecraft:grass_block":1,"minecraft:redstone":12,"minecraft:spruce_door":14,"minecraft:sugar":4,"minecraft:golden_apple":1,"minecraft:gold_ingot":7,"minecraft:obsidian":2,"minecraft:coal":9,"minecraft:cobblestone":20,"minecraft:ender_pearl":1},"minecraft:mined":{"minecraft:tuff":20,"minecraft:spruce_planks":1,"minecraft:spruce_door":9,"minecraft:clay":29,"minecraft:crafting_table":4,"minecraft:grass_block":1,"minecraft:spruce_leaves":9,"minecraft:moss_block":2,"minecraft:wall_torch":1,"minecraft:magma_block":1,"minecraft:iron_ore":14,"minecraft:spruce_log":39,"minecraft:coal_ore":4,"minecraft:dirt":1,"minecraft:azalea_leaves":3,"minecraft:stone":19,"minecraft:deepslate":24}},"DataVersion":3953}