{"stats":{"minecraft:used":{"minecraft:white_wool":1},"minecraft:mined":{"minecraft:short_grass":9,"minecraft:grass_block":1,"minecraft:tall_grass":5},"minecraft:killed":{"minecraft:sheep":1},"minecraft:picked_up":{"minecraft:wheat_seeds":4,"minecraft:mutton":2,"minecraft:dirt":1,"minecraft:white_wool":2},"minecraft:dropped":{"minecraft:wheat_seeds":1,"minecraft:mutton":1,"minecraft:white_wool":1},"minecraft:custom":{"minecraft:time_since_rest":950,"minecraft:sprint_one_cm":5887,"minecraft:play_time":5918,"minecraft:damage_taken":1080,"minecraft:deaths":4,"minecraft:walk_one_cm":12963,"minecraft:walk_under_water_one_cm":5984,"minecraft:mob_kills":1,"minecraft:drop":3,"minecraft:jump":112,"minecraft:damage_dealt":189,"minecraft:leave_game":2,"minecraft:walk_on_water_one_cm":2365,"minecraft:time_since_death":917,"minecraft:total_world_time":5918,"minecraft:swim_one_cm":13796,"minecraft:fall_one_cm":12566,"minecraft:fly_one_cm":3627}},"DataVersion":3953}