{"stats":{"minecraft:custom":{"minecraft:mob_kills":6,"minecraft:interact_with_crafting_table":11,"minecraft:leave_game":2,"minecraft:time_since_death":37587,"minecraft:climb_one_cm":583,"minecraft:time_since_rest":37617,"minecraft:sprint_one_cm":41474,"minecraft:damage_taken":472,"minecraft:walk_one_cm":48524,"minecraft:drop":25,"minecraft:damage_dealt":1320,"minecraft:swim_one_cm":52899,"minecraft:fly_one_cm":155195,"minecraft:open_chest":1,"minecraft:crouch_one_cm":759,"minecraft:play_time":61755,"minecraft:deaths":1,"minecraft:sneak_time":2440,"minecraft:walk_under_water_one_cm":31387,"minecraft:jump":343,"minecraft:walk_on_water_one_cm":42499,"minecraft:total_world_time":61755,"minecraft:fall_one_cm":2390},"minecraft:used":{"minecraft:moss_block":4,"minecraft:spruce_door":10,"minecraft:stone_shovel":13,"minecraft:spruce_slab":12,"minecraft:stone_pickaxe":97,"minecraft:cactus":1,"minecraft:spruce_planks":41,"minecraft:wooden_pickaxe":21,"minecraft:glow_ink_sac":1,"minecraft:torch":14,"minecraft:golden_apple":1,"minecraft:dirt":7,"minecraft:crafting_table":4,"minecraft:birch_sign":1,"minecraft:golden_shovel":38,"minecraft:spruce_log":59,"minecraft:dark_oak_door":2,"minecraft:wooden_axe":31,"minecraft:light":14,"minecraft:stone_axe":66,"minecraft:cobblestone":12,"minecraft:sweet_berries":4,"minecraft:cobbled_deepslate":14},"minecraft:broken":{"minecraft:wooden_axe":1,"minecraft:golden_shovel":1},"minecraft:crafted":{"minecraft:stone_shovel":3,"minecraft:crafting_table":1,"minecraft:spruce_planks":156,"minecraft:wooden_pickaxe":1,"minecraft:spruce_door":3,"minecraft:stone_axe":1,"minecraft:stick":32,"minecraft:stone_pickaxe":1,"minecraft:wooden_axe":1,"minecraft:torch":24},"minecraft:killed_by":{"minecraft:zombie":1},"minecraft:killed":{"minecraft:witch":1,"minecraft:zombie":2,"minecraft:enderman":1,"minecraft:cow":2},"minecraft:dropped":{"minecraft:dark_oak_door":1,"minecraft:glow_ink_sac":1,"minecraft:spruce_door":2,"minecraft:light":15,"minecraft:spruce_planks":1,"minecraft:wooden_axe":1,"minecraft:birch_sign":1,"minecraft:spruce_slab":1,"minecraft:spruce_log":1,"minecraft:cactus":1},"minecraft:picked_up":{"minecraft:wooden_axe":1,"minecraft:crafting_table":5,"minecraft:clay_ball":116,"minecraft:leather":3,"minecraft:wooden_pickaxe":1,"minecraft:golden_shovel":1,"minecraft:flint":1,"minecraft:tuff":20,"minecraft:oak_log":1,"minecraft:dirt":8,"minecraft:cobbled_deepslate":25,"minecraft:spruce_planks":5,"minecraft:beef":5,"minecraft:stone_pickaxe":1,"minecraft:azalea":1,"minecraft:glass_bottle":4,"minecraft:moss_block":6,"minecraft:stick":11,"minecraft:raw_iron":14,"minecraft:sweet_berries":27,"minecraft:torch":4,"minecraft:fire_charge":1,"minecraft:spruce_sapling":8,"minecraft:spruce_log":40,"minecraft:grass_block":1,"minecraft:redstone":12,"minecraft:spruce_door":14,"minecraft:sugar":4,"minecraft:golden_apple":1,"minecraft:gold_ingot":7,"minecraft:rooted_dirt":30,"minecraft:obsidian":2,"minecraft:coal":21,"minecraft:cobblestone":27,"minecraft:ender_pearl":1},"minecraft:mined":{"minecraft:tuff":20,"minecraft:spruce_planks":5,"minecraft:spruce_door":9,"minecraft:clay":31,"minecraft:crafting_table":4,"minecraft:grass_block":5,"minecraft:spruce_leaves":11,"minecraft:moss_block":6,"minecraft:rooted_dirt":30,"minecraft:wall_torch":2,"minecraft:magma_block":1,"minecraft:iron_ore":14,"minecraft:cobbled_deepslate":4,"minecraft:sweet_berry_bush":6,"minecraft:spruce_log":39,"minecraft:oak_log":2,"minecraft:coal_ore":16,"minecraft:flowering_azalea_leaves":1,"minecraft:dirt":5,"minecraft:azalea_leaves":9,"minecraft:stone":26,"minecraft:deepslate":24}},"DataVersion":3953}