{"stats":{"minecraft:custom":{"minecraft:mob_kills":7,"minecraft:interact_with_crafting_table":23,"minecraft:open_barrel":4,"minecraft:leave_game":2,"minecraft:time_since_death":9609,"minecraft:climb_one_cm":8765,"minecraft:sprint_one_cm":104377,"minecraft:walk_one_cm":104343,"minecraft:drop":50,"minecraft:play_time":121755,"minecraft:deaths":2,"minecraft:sneak_time":3857,"minecraft:walk_under_water_one_cm":93307,"minecraft:jump":586,"minecraft:walk_on_water_one_cm":59101,"minecraft:total_world_time":121755,"minecraft:interact_with_furnace":16,"minecraft:time_since_rest":9642,"minecraft:damage_taken":1400,"minecraft:damage_dealt":1420,"minecraft:fly_one_cm":178270,"minecraft:swim_one_cm":208389,"minecraft:open_chest":9,"minecraft:crouch_one_cm":1283,"minecraft:fall_one_cm":7121},"minecraft:used":{"minecraft:moss_block":4,"minecraft:spruce_slab":12,"minecraft:stone_shovel":13,"minecraft:ladder":3,"minecraft:spruce_planks":87,"minecraft:chest":1,"minecraft:iron_chestplate":1,"minecraft:torch":68,"minecraft:dirt":7,"minecraft:golden_shovel":38,"minecraft:wooden_axe":31,"minecraft:iron_axe":6,"minecraft:rooted_dirt":46,"minecraft:sweet_berries":27,"minecraft:furnace":3,"minecraft:cobbled_deepslate":14,"minecraft:diorite":1,"minecraft:spruce_door":32,"minecraft:stone_pickaxe":267,"minecraft:baked_potato":7,"minecraft:cactus":1,"minecraft:wooden_pickaxe":29,"minecraft:spruce_sign":1,"minecraft:glow_ink_sac":1,"minecraft:golden_apple":1,"minecraft:glow_berries":6,"minecraft:crafting_table":9,"minecraft:birch_sign":1,"minecraft:spruce_log":59,"minecraft:dark_oak_door":2,"minecraft:light":14,"minecraft:stone_axe":87,"minecraft:fire_charge":1,"minecraft:cobblestone":20,"minecraft:bucket":1},"minecraft:broken":{"minecraft:golden_shovel":1,"minecraft:stone_pickaxe":2,"minecraft:wooden_axe":1},"minecraft:crafted":{"minecraft:stone_shovel":3,"minecraft:furnace":3,"minecraft:iron_boots":2,"minecraft:ladder":3,"minecraft:stone_pickaxe":2,"minecraft:chest":1,"minecraft:crafting_table":1,"minecraft:spruce_planks":156,"minecraft:wooden_pickaxe":1,"minecraft:iron_helmet":1,"minecraft:spruce_door":3,"minecraft:bucket":2,"minecraft:stone_axe":1,"minecraft:air":0,"minecraft:iron_chestplate":2,"minecraft:shield":2,"minecraft:stick":60,"minecraft:iron_ingot":47,"minecraft:iron_pickaxe":1,"minecraft:wooden_axe":1,"minecraft:iron_leggings":2,"minecraft:torch":32},"minecraft:killed_by":{"minecraft:zombie":1},"minecraft:killed":{"minecraft:witch":1,"minecraft:zombie":2,"minecraft:glow_squid":1,"minecraft:cow":2,"minecraft:enderman":1},"minecraft:dropped":{"minecraft:iron_ingot":1,"minecraft:oak_log":2,"minecraft:glow_ink_sac":1,"minecraft:rooted_dirt":4,"minecraft:spruce_door":2,"minecraft:diorite":13,"minecraft:wooden_axe":1,"minecraft:sugar":2,"minecraft:cactus":1,"minecraft:spruce_sapling":2,"minecraft:dark_oak_door":1,"minecraft:stone_shovel":1,"minecraft:light":15,"minecraft:spruce_planks":1,"minecraft:azalea":3,"minecraft:birch_sign":1,"minecraft:spruce_log":1,"minecraft:spruce_slab":1,"minecraft:stone_pickaxe":2},"minecraft:picked_up":{"minecraft:wooden_axe":1,"minecraft:crafting_table":8,"minecraft:iron_chestplate":2,"minecraft:clay_ball":232,"minecraft:wooden_pickaxe":1,"minecraft:golden_shovel":1,"minecraft:shield":2,"minecraft:iron_axe":1,"minecraft:iron_leggings":1,"minecraft:cobbled_deepslate":25,"minecraft:spruce_planks":100,"minecraft:beef":5,"minecraft:azalea":3,"minecraft:chest":1,"minecraft:iron_boots":1,"minecraft:stick":11,"minecraft:raw_iron":47,"minecraft:torch":37,"minecraft:fire_charge":1,"minecraft:diorite":14,"minecraft:redstone":18,"minecraft:arrow":90,"minecraft:decorated_pot":32,"minecraft:gold_ingot":14,"minecraft:tuff_bricks":4,"minecraft:glow_berries":10,"minecraft:obsidian":4,"minecraft:cobblestone":110,"minecraft:glow_ink_sac":2,"minecraft:leather":6,"minecraft:flint":2,"minecraft:tuff":20,"minecraft:oak_log":4,"minecraft:dirt":8,"minecraft:lapis_lazuli":78,"minecraft:iron_ingot":31,"minecraft:stone_pickaxe":3,"minecraft:glass_bottle":6,"minecraft:moss_block":8,"minecraft:sweet_berries":27,"minecraft:spruce_sapling":10,"minecraft:grass_block":2,"minecraft:spruce_log":40,"minecraft:spruce_door":31,"minecraft:polished_tuff":4,"minecraft:sugar":4,"minecraft:stone_axe":1,"minecraft:iron_helmet":1,"minecraft:golden_apple":1,"minecraft:emerald":24,"minecraft:rooted_dirt":52,"minecraft:baked_potato":1,"minecraft:coal":70,"minecraft:ender_pearl":2},"minecraft:mined":{"minecraft:tuff":20,"minecraft:spruce_planks":8,"minecraft:cave_vines_plant":1,"minecraft:grass_block":5,"minecraft:decorated_pot":20,"minecraft:spruce_leaves":11,"minecraft:moss_block":6,"minecraft:rooted_dirt":54,"minecraft:tuff_bricks":2,"minecraft:magma_block":1,"minecraft:iron_ore":47,"minecraft:cobbled_deepslate":4,"minecraft:fire":1,"minecraft:polished_tuff":2,"minecraft:cave_vines":2,"minecraft:flowering_azalea_leaves":1,"minecraft:vine":2,"minecraft:azalea_leaves":9,"minecraft:stone":80,"minecraft:spruce_door":26,"minecraft:crafting_table":7,"minecraft:clay":31,"minecraft:torch":1,"minecraft:lapis_ore":6,"minecraft:diorite":14,"minecraft:wall_torch":10,"minecraft:sweet_berry_bush":9,"minecraft:spruce_log":39,"minecraft:coal_ore":66,"minecraft:oak_log":2,"minecraft:dirt":5,"minecraft:deepslate":24}},"DataVersion":3953}