{"stats":{"minecraft:used":{"minecraft:wooden_axe":31,"minecraft:light":14,"minecraft:spruce_slab":12,"minecraft:wooden_pickaxe":21,"minecraft:spruce_planks":17,"minecraft:cactus":1,"minecraft:glow_ink_sac":1,"minecraft:stone_axe":47,"minecraft:crafting_table":2,"minecraft:birch_sign":1,"minecraft:spruce_log":59,"minecraft:dark_oak_door":2},"minecraft:custom":{"minecraft:time_since_rest":7617,"minecraft:sprint_one_cm":36739,"minecraft:damage_taken":252,"minecraft:walk_one_cm":31109,"minecraft:mob_kills":6,"minecraft:drop":23,"minecraft:damage_dealt":1320,"minecraft:swim_one_cm":21718,"minecraft:interact_with_crafting_table":9,"minecraft:fly_one_cm":42183,"minecraft:open_chest":1,"minecraft:play_time":31755,"minecraft:deaths":1,"minecraft:sneak_time":837,"minecraft:walk_under_water_one_cm":6235,"minecraft:jump":225,"minecraft:leave_game":2,"minecraft:walk_on_water_one_cm":25676,"minecraft:time_since_death":7587,"minecraft:total_world_time":31755,"minecraft:fall_one_cm":1370},"minecraft:crafted":{"minecraft:crafting_table":1,"minecraft:spruce_planks":48,"minecraft:stick":32,"minecraft:wooden_pickaxe":1,"minecraft:stone_pickaxe":1,"minecraft:wooden_axe":1,"minecraft:spruce_door":3,"minecraft:stone_axe":1},"minecraft:broken":{"minecraft:wooden_axe":1},"minecraft:killed_by":{"minecraft:zombie":1},"minecraft:killed":{"minecraft:zombie":2,"minecraft:witch":1,"minecraft:enderman":1,"minecraft:cow":2},"minecraft:dropped":{"minecraft:dark_oak_door":1,"minecraft:glow_ink_sac":1,"minecraft:spruce_planks":1,"minecraft:wooden_axe":1,"minecraft:birch_sign":1,"minecraft:spruce_log":1,"minecraft:spruce_slab":1,"minecraft:cactus":1,"minecraft:light":15},"minecraft:picked_up":{"minecraft:wooden_axe":1,"minecraft:stick":8,"minecraft:crafting_table":4,"minecraft:leather":3,"minecraft:wooden_pickaxe":1,"minecraft:fire_charge":1,"minecraft:golden_shovel":1,"minecraft:flint":1,"minecraft:spruce_sapling":7,"minecraft:grass_block":1,"minecraft:spruce_log":39,"minecraft:redstone":12,"minecraft:spruce_door":3,"minecraft:dirt":2,"minecraft:sugar":4,"minecraft:beef":5,"minecraft:stone_pickaxe":1,"minecraft:golden_apple":1,"minecraft:gold_ingot":7,"minecraft:glass_bottle":4,"minecraft:obsidian":2,"minecraft:coal":9,"minecraft:cobblestone":16,"minecraft:ender_pearl":1},"minecraft:mined":{"minecraft:magma_block":1,"minecraft:spruce_log":39,"minecraft:crafting_table":3,"minecraft:grass_block":1,"minecraft:coal_ore":4,"minecraft:dirt":1,"minecraft:azalea_leaves":3,"minecraft:spruce_leaves":9,"minecraft:stone":15}},"DataVersion":3953}