{"stats":{"minecraft:used":{"minecraft:wooden_axe":7,"minecraft:light":14,"minecraft:spruce_slab":12,"minecraft:spruce_planks":17,"minecraft:cactus":1,"minecraft:glow_ink_sac":1,"minecraft:crafting_table":2,"minecraft:birch_sign":1,"minecraft:spruce_log":59,"minecraft:dark_oak_door":2},"minecraft:custom":{"minecraft:time_since_rest":19755,"minecraft:sprint_one_cm":19451,"minecraft:damage_taken":138,"minecraft:walk_one_cm":13783,"minecraft:mob_kills":1,"minecraft:drop":22,"minecraft:damage_dealt":200,"minecraft:swim_one_cm":10835,"minecraft:interact_with_crafting_table":2,"minecraft:fly_one_cm":23220,"minecraft:play_time":19755,"minecraft:sneak_time":224,"minecraft:walk_under_water_one_cm":1380,"minecraft:jump":65,"minecraft:leave_game":2,"minecraft:walk_on_water_one_cm":8983,"minecraft:time_since_death":19755,"minecraft:total_world_time":19755,"minecraft:fall_one_cm":209},"minecraft:crafted":{"minecraft:crafting_table":1,"minecraft:spruce_planks":28,"minecraft:stick":12,"minecraft:wooden_pickaxe":1,"minecraft:wooden_axe":1,"minecraft:spruce_door":3},"minecraft:killed":{"minecraft:zombie":1},"minecraft:dropped":{"minecraft:dark_oak_door":1,"minecraft:glow_ink_sac":1,"minecraft:spruce_planks":1,"minecraft:birch_sign":1,"minecraft:spruce_log":1,"minecraft:spruce_slab":1,"minecraft:cactus":1,"minecraft:light":15},"minecraft:picked_up":{"minecraft:stick":3,"minecraft:crafting_table":2,"minecraft:spruce_sapling":4,"minecraft:spruce_log":7},"minecraft:mined":{"minecraft:spruce_log":7,"minecraft:crafting_table":2}},"DataVersion":3953}